order-id,date-of-order,cus_id,productid
9HMTXTUU1R,2022-05-15,aCdE9f39c476fcB,WQ2PTXT0HJ
283SXEUXRA,2022-11-28,18bc6EeCCE1f1C2,CJ34AZUT5J
AAJD5YDWW1,2022-05-11,B1F5F9C8FAb02cb,X4LC1OHO5P
8OK87XGABH,2022-10-22,Bad48fB46B1bdc9,5CLH1SCPH1
G6UUGKM5JC,2022-04-22,73d4A6193AAEcCC,4ZAGFMYKX3
A9H03EPLXA,2022-05-04,510EBCCeF8FABe0,C3AJTAM0JO
FF7BPNHR0Z,2022-02-11,b1DC89E2d73F0b4,PDZJMSRKKR
6TQD4JZDPQ,2022-12-03,efeb05c7Cc94EA3,E7X5FZLOEJ
0PG5CD67GB,2022-10-10,74c74Cac4de4fDf,94R2V6LRNA
EE4MSFIQ1J,2022-11-08,8b0bC617a6a50Dc,C3M57623Q3
LIZC91TFIR,2022-02-06,feAb6AB57dE8DB3,X0R9O8EY8F
WS5MZQPGE0,2022-07-15,CBff85B9A4A4Aa3,36SNBYLZMP
0O72FZPQBY,2022-07-02,0e0E47F5b9AbdDe,I8ZW8BS5ZB
O0DSK4HBIX,2022-12-16,faCaD334e8Eef84,LRXPLK7F06
RS13IDID4Q,2022-03-17,925E52c1F2F239E,WGJBMNAMPE
GO6GOAS0UJ,2022-02-07,6455dAf38a33E73,GH2X7E0S9M
JELXU38ATD,2022-01-08,1ECBd9199A91b6e,C9QL8VRJQP
4LMPVW2Y9H,2022-12-31,bA3e5C6ADeBF8E1,ZFV2UJ2MDQ
FIKM6TSGCR,2022-12-12,Bebf9fB917CFc6a,K7CJIMKHTK
QXKQ90R8LS,2022-12-07,Ccba2A606527545,YUDM0APH19
D17BXDQOEW,2022-12-22,F2f91586dA8f7f5,AXFVSEGPW2
A1LSJOULY7,2022-07-31,0F7Ccb72cbbCcD2,B5ZODZLB2K
1EX87C3ROR,2022-10-26,4829908F4BE90ad,22JCV7N0BV
A3NZ14AFQK,2022-08-11,8C68f3F7fCdE854,YNMXTJL3X1
QUT42VFVC5,2022-11-16,eBc8c80DF2ca986,W60GS3AJUI
63SMP2FCIY,2022-08-15,0cC97Ab1eAF4ABe,0QBC24BGGA
GVNACGG038,2022-10-17,cDbDF7B189fcfDb,EXR8IF37IH
LXYQ5N1R0T,2022-05-23,cfd7AbC9Fda5B0d,70JBOBVYJI
78R2P46DJE,2022-03-18,fb1BF3FED57E9d7,70JBOBVYJI
4AWGJN7XNR,2022-03-30,D8A160cFf6B758C,AARH2GFSXB
1GXLEFS1UA,2022-07-20,AB5a29077eDc170,X30DRI3C2H
ZON0S4RK0H,2022-03-21,0aB79DDdEDdAe0b,U7RQN0P9L0
LR8DX0YSVQ,2022-02-04,CBA7CBab9Dfeabe,Q1TWBD1QUP
5GRMFTVTN6,2022-06-01,4d6fB4FFdF963Ae,2EPOBMU301
AU0BEWW6Q8,2022-09-27,dFaB7Bc81Df7EFE,TI9W79VCCL
K8GFW0M6IN,2022-07-05,BCe1cA2aF4dc7Df,IB68RVN4MX
GLAQWN1N46,2022-05-15,fb1BF3FED57E9d7,O32O0I4GRC
5T3WDLN69Z,2022-03-27,eCD633518f1E6ed,6G5Q777FAS
FIMLCG9VDR,2022-09-02,02C553bfcFA32bA,RE39A13ASQ
3TSTBFXDWD,2022-03-05,bddDa7FF9dE3b91,CCQW6AWPTQ
4U1HHWOPLR,2022-09-24,79fBAFAdA0Cc4c3,4UNCL78LVE
Y4ZD0QNM4U,2022-05-18,beC1BB41df95f2D,JQYDULN3OQ
R7VXJL28VM,2022-10-14,d82f65d6b732F2D,MW1BGR3BIR
O1J2WTDWIL,2022-04-14,FF2F15A0c3e6Df6,HX2S2FOEZ8
CC01T1S2Z7,2022-11-12,49F56fAC4632C31,YW1ZAYND1Q
HDJB2KTZ1G,2022-10-27,aa01BBDfDbcee59,6SJN194S7P
JQWPBBQSAX,2022-07-29,0AB25BC3Df4bcaE,MHJERG4G4G
9DPT6EBGRN,2022-04-06,aDB35cb99a88358,T3Y1363136
2JZPA2Z761,2022-04-19,2bA19f60a800b19,TW40PRR2SJ
RRB2IT77UC,2022-12-02,7c4Bce1aAB51C6B,80O8JPG7UN
R40PNR1CYY,2022-10-30,9afFEafAe1CBBB9,1QXD33LD6H
Q9YRXBQYAM,2022-08-30,0c7fc0bFd703d8e,0HHI9BVL5B
Y7FNIXYE6P,2022-03-31,eABE50FeE6c751b,3AZEN4492P
PMV0ZERSCU,2022-12-18,086EcD6FBFe5C85,JQYDULN3OQ
TP5BDCE0Q3,2022-11-27,1a478d4BdBF68d7,MHEHS46W50
SHAK94Q4JU,2022-06-17,B580643f4Eee7eB,O8A5J47BNY
7U9GA0NMJD,2023-01-05,31FFcD6eB48E856,ZH38GLK4GC
SJLQE7H29W,2022-12-29,Daa2c6eE2b751cb,7TPA4WZSY6
8QCUHHOD4H,2022-03-09,BF2a889C00f0cE1,7OBQWTI2DK
OJHB5UVEVI,2022-03-06,10BcFD5ED1Fd7a3,JEJ1JCQ2WP
M5I6A8RRBC,2023-01-01,0b91dFFFc17f5A8,2P6WQ1WELN
U88VABL76N,2022-10-19,a816CbCbbd4f233,6EQLSOG0EN
P6Z17C1AHV,2022-03-18,467Fc9EA1Aae0AD,3ZFDDK2875
SFIC6N958E,2022-07-03,438EeC867c970aE,1OPGZPCXMO
ATHKQL3FQZ,2022-04-12,dEcBC02d0DF5A2E,OQ0CDHPTVL
7WHX17EOBJ,2022-12-03,5627680A2Ca214B,KHGFRYBG8S
QNN0WTOH1A,2022-02-22,Ca53B9d7EdF83EE,WZ36NP5SOC
LNVKL3BWJU,2022-02-20,239dbABfd1d1B1e,NZ2RJLEORT
Y5HVRSGO28,2022-03-19,f1433fdBF2aF214,J7GVA3HVVI
IOIIHO80UM,2022-04-06,0269CdeD7B3C8B0,MLYQZ22362
UFP0DIDK53,2022-03-16,BA9FCDFCed8a434,B31YDJCVVU
0VIUME9FOI,2022-03-21,A21b0F9a2a762fe,DBIZVPBOM8
2LDKE677MB,2022-07-24,f7B611b1acC1564,DMFF2NVNT6
4V7VKA5X9W,2022-05-07,B2F0bdF85bfc7cA,M8AKZYQY28
7FLQRRXK09,2022-10-01,62d4BBecd04c1D6,1DJK2SWDPA
9Y888WRR4A,2022-10-10,4ffEeea05D7b7ab,X3R21C9CJI
ZKKIJG4XM7,2022-12-18,e80Fa1FFD1Eb46A,T8AXHLT9DJ
2Z984TMU2X,2022-03-18,A4bD25aEFeB33fa,FX6SQD8Y76
K6QXNR3UCT,2022-12-03,1EB8ac9BE8bbC8a,1DVDHVQ0PZ
IF4URV7RF9,2022-01-22,D7B72E2A09D9a3e,I8ZW8BS5ZB
9OJL6T5R0C,2022-07-15,f1433fdBF2aF214,DXC1SO3MEP
7A2W7M73QI,2022-04-17,108773b6Ba4Dbdb,STBY2LRJ36
ASOSCRQV7P,2022-12-29,A64b3f208cf312e,FH45HGM4A6
L4YXA068J9,2022-05-26,BC1Df0060C2cfDc,UUZBKAUY07
C0FBWD11L5,2022-11-04,354aeA1EF24C5d1,XB33U9JQ23
H2EYWOLD0W,2022-10-29,1d302cfF4C11B3c,PZRB7BIRXM
VTPERXAR6P,2022-09-08,DeF3DE4a6ABb2D2,LOWDAO8LGI
9RONLHKSRI,2022-05-26,c380Ce9B006eD2D,94R2V6LRNA
YS1NGJ7LXP,2022-10-06,EB191EA73E73195,C37HW9WUJI
DEAITWHOVT,2022-02-27,1187FDb1d7C98B0,L737LJA03K
4GGMK2MOSL,2022-01-20,FbCfee2c5A11b99,3DVUJKD2UA
QRNJNGUTIB,2022-08-19,5968b1AD19823B9,52SOYYOD9H
VRB7CKXT0H,2022-02-01,fa1c3AABF9d6d5E,MIOLIXSNV2
SWD0R73F6R,2022-08-29,Daa2c6eE2b751cb,75DMAG29PL
0IGOY403SW,2022-03-19,5627680A2Ca214B,1DVDHVQ0PZ
64SOGUR71P,2022-06-28,1595E8EF9338E27,3Z32EI7UDW
0OR2ME2A77,2022-01-26,2eC6783b36315eF,Y4BZJE07TX
8KTSS11BQ8,2022-03-08,Daf8e1af4eEe8F3,LH655ZBEWH
DVW4H49GD7,2022-08-04,B0D770E2D294aF7,Q8PXPN4713
KIBDBW46YP,2022-11-20,1D2cA9eDfc7aAAC,Q8TJCQ168E
Z5Z2XMBPQV,2022-04-14,Fafc20e3bb29b5E,GQ5ATH852D
OSR9QCYOFG,2022-01-08,22A2538bBcCBf1C,OODIVWLD7J
8C0C9H1380,2022-12-14,d267aDd8B64dE78,PHVEYSL929
901A283LXQ,2022-01-17,9ca2f3A7a60ea88,2EPOBMU301
L7FCOU7JFI,2022-03-12,BF7ad5D75edfdB5,5FGUUW8MNQ
3ZUC2XUDDI,2022-07-21,E6E641Bbade1683,SHBTZ53K9R
E5UU3VLX9U,2022-02-02,220243491cdFd7A,YMITIRCT5V
XL8OFZSP6G,2022-02-19,8D0FdA9eDDa0dB0,CI2GTNMG6H
I3HMG0AC6F,2022-08-21,1B7E5A3B1837BF8,QX5HU82QLO
Y2DKF9I0V8,2022-06-01,d6Dde5a8cDAcaCF,ZO8W7FD4MX
V5IBBTUXIJ,2022-10-30,037eF750C5fb7B6,B48985MOFY
HP7FFVE8HG,2022-11-01,C1d1F3BEd92F0Dd,MCMOL9MZ5E
P4VB371N86,2022-03-09,BC1Df0060C2cfDc,ZFV2UJ2MDQ
HWE85XS0TJ,2022-05-26,8fB74AeAa3e1a76,ZEF0CQ74O0
5QT5Q6NKQM,2022-01-17,8fB74AeAa3e1a76,3SDDV0RQIW
2VNHCIE8CL,2022-03-19,132E21CcB3fC9a9,MCGK816MPB
MFL4AHHYUU,2022-05-20,323ae5fE1Cc2fdB,3UWJ1Z5SR9
HUQBL1XLV7,2022-04-07,131570D70d0ff65,787WW8W4AW
OQY2Y3U4AX,2022-12-10,F5bEe8FcBf4ccc9,XZH8RBTB6R
IV42G2S1V7,2022-10-14,CccE5DAb6E288e5,A4ICLDXNYU
PVD9JBBXSX,2022-07-30,CA4e2d7d6f7d6fB,I3SKASTFQ4
XKICT9QJDO,2022-08-15,eB4dd4CFf58a92c,G6UGT62DSX
N4QHFK44BY,2022-10-25,4829908F4BE90ad,DN5SDQ2P6K
APVBNA5FNE,2022-12-08,bBad672CaFe2Bf2,6NCMUD40JY
EYEUTLZ8K0,2022-11-18,B216bfCCEEBFe1e,E6U6ZNKVY1
DUK2J58M7O,2022-11-02,Da915B5ed8D97d4,XAC2KDL49B
U3QA7J0TJM,2022-01-25,1EB8ac9BE8bbC8a,OQARPDBEZG
MRYYVAL6TG,2022-10-21,4c41eedEcD804E2,NW0QJU7TEW
R5S6V7RBOQ,2022-02-22,f11201935b4Aaa6,P3ZASLHPU1
60MEUGS1AF,2022-11-14,22e31df46F6fCD2,M1ZU17PQ9Y
GT4S769CRH,2022-05-21,22cd7dca009E6b1,4BAWWTZDAM
A5O81TOM3D,2022-03-13,Daa2c6eE2b751cb,EJ7TBS2FO4
2H7ZZBF5MT,2022-04-04,84d541bF328a42E,W1BO1ZKKL7
66PE6GUU26,2022-12-06,D8A160cFf6B758C,BNCWMZJUJS
W4BOBO0KWT,2022-12-15,184f82e6bb6A227,E8NMTKBQAA
CAVY7IMEGM,2022-10-15,Afe55F5D86CBac0,A6VJGQGLX6
3NBRGQJJOX,2022-02-03,Befc7139d7eD662,ZD1RBG7CHH
QIJWJR4SRR,2022-03-17,41eDA1F2F3aC6eD,ONJ9EPVE21
QBL7O407M5,2023-01-02,003faaEB83B8A0B,2DYVC8QBF1
YQ9NVYWCCE,2022-03-02,C7e5E19673db661,IBLQOGOAI2
HKR99WBFPV,2022-01-22,220243491cdFd7A,277B5JE5HX
XN7Y7DFCSM,2022-06-16,0fD7769271FC4d4,FD24TSR86W
CLMQAPC2DI,2022-06-08,D03D2428fD4bC6d,A5Q1F3UZAH
FDBHK64C70,2022-04-26,6E90ff6FCE1A1a2,OMTACS856S
L7NOIDGWYG,2022-11-22,B93dCdCCA9aee5e,F3K8ANAXUL
4UI994H2QO,2022-01-10,6dEd664A81d9726,QDV7G2UQ97
GIWAH6NSZG,2022-04-05,BE2A1E276a26bA1,787WW8W4AW
HLC3CRUTB5,2022-07-04,7502B47999fF8ED,VBGLCIEZ46
C3KTJLOF0K,2022-12-16,cC7cc25dDF9Bc7c,LTSPCO47W9
2KY2H7ETHD,2022-03-24,ca7B27cbefCEBb0,EZ2265ETQK
OYR9MOWGNE,2023-01-06,F7A3A17EA6DCAfA,1OPGZPCXMO
LJMYUTIC4I,2022-02-05,ab2c4afC563bDc6,FYFWJ5THZY
92RSIJZVJF,2022-12-28,bdb61a25De7a257,LMZD6V3NC2
0WAR1OZK4F,2022-12-30,6CB75D1B2ab98E8,7BLYGMIMO5
MXAHLD98E8,2022-02-24,BD4D1Ce1cE4daA3,TU8P5PNAFQ
W7R8HN00YE,2022-01-27,6A8E5aE93ef7Aff,H7HDF5NHTO
P7R9BAVRHV,2022-02-06,b12d138244da69c,2CRR5MMFVY
72X5LIQOYL,2022-04-02,Ed6dcecd37Fc4d0,I3SKASTFQ4
1C5P4CUTQC,2022-02-08,acF9EcCcB6aa19F,IHA77XI4AL
O15PRYORLB,2022-11-05,0eE44a7fAf7d1DB,GNSJRJORR9
U3L5BHLWHD,2022-05-24,C3c29A0dEb9Cfdd,PBW25C1HJ3
J8SH0JGN85,2022-05-18,A04BcfcDF9FeB1e,5DTO26JA52
W9HF920LXK,2022-10-22,2d6993bBcBBFE58,ARZLVQ0E8Y
KEROB8BLPP,2022-01-23,6dEd664A81d9726,Z7T70M5YSY
HSWILJ3K7P,2022-11-04,8C68f3F7fCdE854,PDZJMSRKKR
JQS5HN4CHL,2022-11-12,d0Fd08CEbA41c09,36SNBYLZMP
DSB9CM8L2G,2022-06-12,440e0363A712DF3,GDFIYDL6RJ
7OWM228EBV,2022-02-14,0F7Ccb72cbbCcD2,94R2V6LRNA
HHN4HXMB4G,2022-07-28,c97AD72A41Cca9a,L737LJA03K
CZ13YPB5ZM,2022-07-19,fE5a7Ff19b2aAEE,RR5MMBENMP
WCGULF610N,2022-04-05,AFC47cfB7e7cc6d,UIAOUS6SSV
FQHEGQSRZ0,2022-01-07,b1bb1cC8deF5333,EWH1RRFKZE
Q8460AME00,2022-09-01,1EB8ac9BE8bbC8a,2FGT0LLWNF
8JT0IFDUSF,2022-07-24,9465fFF674Ff030,4UNCL78LVE
358A0ZUP0V,2022-03-01,6dbECa1c2d65A28,3FGAJUWC5E
Z9FN9G6EBF,2022-05-27,a93ce099dd11BB0,2DYVC8QBF1
9O7ZUN0UNP,2022-08-28,184f82e6bb6A227,02AATZ67AD
UUF2P9YF13,2022-05-17,cdDbF70fBdfdCaD,213MOP4PEE
330SEYTORJ,2022-06-10,6CB75D1B2ab98E8,OPP8BZMEG7
2A5HXW5YNN,2022-09-07,FECAedB175FD9f4,VRS5C7L7SN
2FLZ3H5GUI,2022-09-10,3aFf54f59dcFD2E,KNX1618B75
TI9JODGWVQ,2022-09-01,be4B0DFd06FFF1D,XB33U9JQ23
61KR09D02I,2022-10-27,5BB4737f69cBBeD,RFTDD9N0MS
ZYXB7ENAAV,2022-02-24,7Dd645101CE7dD1,V8YUFU327V
D1KIODFJG9,2022-05-16,fcFdD7dA96c1C7d,E7X5FZLOEJ
CIVM2F8ZOO,2022-01-24,Ed6dcecd37Fc4d0,T8MHQ2MNUD
A29OYCCR52,2022-10-01,BF7ad5D75edfdB5,YST4A4DB5B
2IGFRK4P4U,2022-05-11,A7aBc39Ee9dC1bd,8971UTHIQJ
F8JZFCD3L9,2022-09-10,77F47E08CfbCa65,9QN36HR2VR
5F3148O3CB,2022-04-10,30c4DEcbA34EA6f,XHJGWW3UPE
MFOUS3JKL2,2022-12-31,94c6aF7DEe2Ad7A,OUAX2RAEN9
NJ9HUKATS8,2022-12-28,674bbaD7A5D26B9,VHLOFZHIWC
KCB8TZ29XU,2022-09-25,caDAddce68a5E34,FAP60UKM2G
W9UE2UPHA9,2022-05-18,fAd50CaEC5De3a2,BDQUSWRX8Z
3OQ3PXWOPR,2022-11-07,C76ae7aAFcbB2cA,036LQ6L7AX
UAEF0WLENV,2022-08-03,89F06B3fA6caF36,SALYOWWY0F
FDUOI1BA9N,2022-03-02,89FdFDb8Fa09efF,4UXQKA4B6B
WATBSLQWMK,2022-02-27,fcfDa2eC50ae07C,LB36LIL3YI
QZTOR23M6H,2022-05-22,d9cdb1B50b11E0a,IN596QK1C8
DLUH5LXL95,2022-02-08,2Ab20Ed8CfE2D71,O23LCYQJZP
5HMKI47ZKG,2022-11-08,e80Fa1FFD1Eb46A,KG508FYQ13
MKL1MWXXAA,2022-02-17,e5d840eE5BB6e03,0THPQW5DBI
ABA7XT4WPC,2022-04-02,d6DEBbCEEd1Ce8b,GGXXOZLJHW
6VWWUHOI0Q,2022-05-20,aF75e6dDEBC5b66,FQE0V27BLZ
AUF4WDSY9O,2022-12-26,b7A6ACe14Da2a70,FR8WB6MOV7
9PPGONYVEZ,2022-07-15,323ae5fE1Cc2fdB,6NIZ7KC2YE
X61C8K7UI2,2022-01-26,0eE44a7fAf7d1DB,MFVU1VI9MT
2I6EWLIQNQ,2022-04-11,Aca5354F4cFDE1f,PWBOCBEIC3
SE15YD93NZ,2022-07-11,9DDa9FF9FdBfC66,XFAG1P6QVP
ZYEXXU454D,2022-04-07,CBA7CBab9Dfeabe,8R3PHRC7IK
47VEL89632,2022-12-10,Ad1c6fE266De0ce,3WGSUZE6N6
37J8EUII3I,2022-09-23,bdb61a25De7a257,OHTA85BXAP
H01LF89UHF,2022-11-06,220bEfDd34E26EC,036LQ6L7AX
28S1HHOOY0,2022-05-16,Dea7Ff4d68c0FD3,VJMQ6M01D2
TW4QZKVXGB,2022-05-01,F663ee880a9eCBa,O2OEG7NLDP
VZ44NMR40B,2022-12-15,38ceeCDD313ecDB,7BLYGMIMO5
5U8426C8JV,2022-05-16,6455dAf38a33E73,DXC1SO3MEP
VQMQIMB72F,2022-05-25,CB41aabFbB8AdDa,S1PTA38P0W
M6SRXZL9ZM,2022-04-23,8Bac76db335CcCf,F3K8ANAXUL
VJODPYAAPT,2022-07-03,554A9ecCaFa62ee,6UFQZUG02N
2M4JWQEE6L,2022-04-06,7B247Ca7BbA098d,CFXMO6B42A
90UKG0PAYN,2022-07-22,CFd08cE1deAC2C1,FX6SQD8Y76
TXK4HEHSZ5,2022-07-25,8D2CF389dfD9753,CFMRW4HRVO
35IGZTJ9W4,2022-11-16,a9E75C7cdc1aB2f,G16Q1HNCPJ
KS5W9Y29BL,2022-11-08,29cb6ecF75451Cc,5BA6M8CJP6
5T6UU47YPJ,2022-12-29,CEa30100D11C420,8QREXARCBC
LJQ0GTF40P,2022-09-20,8C68f3F7fCdE854,GVAMLS5VW5
6JMMDRG8UM,2022-07-12,625CCE85FfAA2E6,QKCVHJV66C
KB6BABXOS3,2022-09-15,401D08bA1E0f8bE,QW294EFWC6
730UAU184V,2022-09-25,A6DDea6bB9A5d18,ITXK2BGJ2A
UYIIENNH86,2022-09-21,Ed71DcfaBFd0beE,AVYTGAOUEX
7KIHYTH31K,2022-06-26,4835cD2367aaa0c,Y14MEZ7FDN
0X22WJ7NFN,2022-09-29,d06B554F25f3d0E,XHJGWW3UPE
HF17ZMTWFE,2022-10-19,faFEea3b50D6123,HID7QL8WTY
XGF7XGRDZY,2022-07-10,8CA86e8FcACeE4D,56H3NIBB2A
4DKGF8K9FZ,2022-07-08,11Ae1fbab4076b2,XL8MB092HZ
G2DEGH99DZ,2022-05-30,c1711ACe52AFFC8,VJMQ6M01D2
I87FF2E4IH,2022-08-04,915f18a27Bc7A20,JHUP77LUIY
3ZENK0CCI2,2022-09-19,f4EfF9e2fc4D0bC,LLDN1DJ7L0
0EC6C8RDZW,2022-10-24,fe01EF29A34aF99,AQ4YVK50GJ
L918SBD75M,2022-08-03,6da0A79eB0aAF5c,IMDPJIW3T7
67ZNW1T64T,2022-10-28,FCb92CeC4Bd2Fa5,Z87G05R38S
310KFCSI5M,2022-06-05,bdb61a25De7a257,WDYQQEU5MV
W7WVJGMSZO,2022-02-17,FbCfee2c5A11b99,XQB0HKRWLR
9XG9QMJ5H5,2022-07-04,c97AD72A41Cca9a,G9C8E38B4P
XGYTRCQWUF,2022-12-01,A21b0F9a2a762fe,1FKV1JVN6X
BWCA0BKHZ9,2022-07-19,10a20299ba5e079,YUDM0APH19
CUQ00OO3OE,2022-02-16,4Ac773784FBDecA,FFN5UUNOM1
144HUNMJRU,2022-03-26,C54D6636EBAAD95,ED5UZKI4TY
XJSRAS81VR,2022-03-03,44FAA9C3CE8DB2B,VG1UZANOH3
SKJB9JKLU4,2022-07-26,AAF953ce6519B3a,92B3C3MA3Y
BPVO8K2OWD,2022-07-15,edf83d698CAcdD2,5UIW1E46I0
KIGE5Q9ISV,2022-07-30,F2D75c64c1dBC4e,UDVA2ZC6ON
UT5AT89YYT,2022-01-17,0dF8df0E0e1Cf4B,QX52D2XU8K
CX3N43XFM5,2022-11-14,0eE44a7fAf7d1DB,QYK1464S85
5AX4BV52OX,2022-07-12,2E94Affb5a9dB80,21BOG9KRJZ
8KYPW9FIZH,2022-12-20,7Cd475256fF1D28,IBKDE643Q0
VJXKDHV07R,2022-04-13,7B247Ca7BbA098d,7GVKV4CKJA
2WV2QROM08,2022-08-03,aB2Ef1d3f6d6e6E,HMRQT6YKU9
C7Z35C4CQP,2022-01-27,7502B47999fF8ED,LVG0GBQ7CK
2G7Z1O7I7K,2022-11-28,30c4DEcbA34EA6f,02AATZ67AD
Y7951G3QTO,2022-09-24,a9E75C7cdc1aB2f,IB68RVN4MX
UENJQ92BKX,2022-05-20,184f82e6bb6A227,V7AVNHTLR7
FPVY0K8Z9J,2022-12-23,9f4FbA2EBBDE350,B31YDJCVVU
HFD3X4ZQAR,2022-05-07,dBF044bC70d8afd,2NVVJMCFZL
Y2LPKOUVEG,2022-09-02,F6dB61Fb3e6eEc3,W5I8RYGIMB
1W4OUF6C4X,2022-01-12,554A9ecCaFa62ee,Z9VAFBD3TF
331KDP4513,2022-06-15,dB2D7274Daf7edD,02AATZ67AD
ZCB0VHJ9G9,2022-06-07,bCb195daBc7263e,OPP8BZMEG7
5CWXELILKA,2022-10-28,7e9af03228B5Cb9,WTNH1AULPP
67N0ZSX4M5,2022-06-20,f4EfF9e2fc4D0bC,5HF3FA4HBR
UG75MF8NN7,2022-05-03,05c44eB3fF9BE99,C0Q0IEEPMR
DH2S57NUA7,2022-12-09,EBFf87b4dbdcFbD,HN2R4LEGJ5
17169XXNV0,2022-02-24,5E6Db13AF3bddfD,IKEAVLI433
QQWJ07AA0O,2022-05-10,F663ee880a9eCBa,KLTT0IKK8F
61QGPUV5GY,2022-02-25,5627680A2Ca214B,5HF3FA4HBR
Q2Q378GG87,2023-01-03,C8CB3Df525208B3,C5V4871DP3
J720SZENPI,2022-11-16,C5BAe1ADD5986cE,FD24TSR86W
X1CGKMUMMZ,2022-08-30,C7e5E19673db661,MHJERG4G4G
F8ADF5C1E7,2022-07-13,9f887e71eee4b58,6WKWLZVP51
X3AG65QPI8,2022-04-15,b1788A50be78Efc,KZQITU8L6T
TSB00C7E6I,2022-08-10,7E23C2d0a7A7A1e,X0R9O8EY8F
BCUKCCXNXL,2022-08-23,E28aB037BCbdE2a,GXPNYS19UR
DGWEUEYULU,2022-03-10,7d3402dB0D0d2ae,OPP8BZMEG7
9B07E71YWZ,2022-03-16,A4bD25aEFeB33fa,GC1C61NB26
UCCYSBWRW8,2022-06-19,3faedEDe9A8686a,FAP60UKM2G
HJMU368K6I,2022-01-17,239dbABfd1d1B1e,61JHODDET6
1J4WOAGY7M,2022-10-29,D88FB59Ed3efac7,5TS81J17FI
U5C505C24B,2022-10-14,6355f81A0aFfFfD,6YF5P7U7HA
E6X8LJ6BMH,2022-07-16,eEFc74EBC49e6BB,QS7SNPVZ0C
9T8PHZYG4G,2022-02-01,AbB6e97949FBebc,M1ZU17PQ9Y
G2AU2L7U86,2022-03-30,7eBDf2F5dE9DC7a,G4XZBO8QY2
83X1GCOMPK,2022-08-27,e1aCEb9B8e6FADd,WSPVB522WB
XKB8MFTD8V,2022-12-21,A4bD25aEFeB33fa,Q8PXPN4713
RORSG9ZRJ0,2022-03-30,FFB77320B39ea0E,BHKY9T1ERH
UY0IU8UM8P,2022-08-21,9C340401d2E861f,923LRH82M0
6Q37QHWQGR,2022-06-12,5DACBefF884DffE,MIPFH4DZRI
F7KKV7RJY6,2022-10-28,9D393CcAafBD1E8,X6T3ZXAMRK
M0LAM5UPED,2022-05-15,Ebd38C6201E6bea,FFAQIVN4BU
XB6ZF2PI9P,2022-07-05,4A42Fe10dB717CB,7BLYGMIMO5
6BVSBFVMF7,2022-07-15,69EA746B5eEA97C,0QBC24BGGA
JUHMQPLQR0,2022-03-14,Ad4fadaAcC5DA35,HPQEEQIV3P
O721FVW31O,2022-09-17,04Ab34AF7FDD5e1,M8AKZYQY28
DM6HALIJ32,2022-11-19,d5DEd272fDF5bEA,W5I8RYGIMB
VMWAYBE59U,2022-03-19,aCefF56E59aAf75,0HHI9BVL5B
1VIHPUBTFY,2022-08-09,0Aa56ae7D7fe82f,YNMXTJL3X1
PYSSQTXVM2,2022-06-11,e1aCEb9B8e6FADd,BSP5ZNS5Q6
QP0FAL0F7D,2022-09-30,132E21CcB3fC9a9,FQE0V27BLZ
LQ0DT376KE,2022-04-23,90511Ae50ED8e2c,779AKDVOII
57N836DJHG,2022-03-12,8EB4C4fd0C44bFa,72W296GW7M
Z7Y1UF9EZT,2022-01-07,cF20CcFDD4E8733,HXO2ACEPR9
LE9VJSQ465,2022-08-19,cDbDF7B189fcfDb,AIN0GAG35W
GGS8VTIK6Q,2022-11-03,7333106C93e179c,1MFZ178KC0
JK1U71GG7Q,2022-09-25,4AfAc0Bf3e2708E,FJKSNPD35O
M1YU84ZPJJ,2022-01-21,132E21CcB3fC9a9,277B5JE5HX
PZS2DGT72R,2022-03-27,0aB79DDdEDdAe0b,WZ36NP5SOC
81SFNNTDVM,2022-03-08,EcFf0bEbF0B85f4,DVCFVNP4E5
R8GV7YCDVD,2022-05-01,45241fd9cCfaA29,CFMRW4HRVO
8BL09RX56P,2023-01-06,f2659f09BB9d186,1OPGZPCXMO
DB4HS4RF0O,2022-03-24,beC1BB41df95f2D,UFPNVM1KDI
G20PDYHMPT,2022-12-30,ca405D00cbffbB0,9KUCDAVKDB
C8ZYADXA3Z,2022-07-21,EABBd81DFeeD7ab,H8DOB6IT0N
RT0K4XS38B,2022-01-28,53a8165b5eFDeBb,1UWQO5KBI7
7B1OGE68HQ,2022-05-05,0c7fc0bFd703d8e,OEDPOM6N63
ACJTUDLH18,2022-04-05,6dbECa1c2d65A28,H7SOSS4MZD
VA9H0ZBQD5,2022-02-26,faFEea3b50D6123,EZ2265ETQK
F5KOZOKYOR,2022-02-01,6995ED0DBaCC148,FFAQIVN4BU
FIHKI15O75,2022-12-25,aD92Df9Efe5950C,46GEZ2CDVK
5U2U5OVZ40,2022-05-20,62d4BBecd04c1D6,JBDMOLYYSQ
P92ZSGSGHL,2022-04-22,eBc8c80DF2ca986,RZND3BTBP3
5PDFIY8JX6,2022-11-15,aCabfCFCCa9fB2c,O6KB3ENQSY
V8EP689H36,2022-06-25,ff2930FDFE1DAd9,P3ZASLHPU1
Q70BG5E1B7,2022-09-17,CA4e2d7d6f7d6fB,0RDAWNNJRP
73OJ2DZ9GI,2022-09-15,a3c4c0fEE9fdee9,2NPFM5G8RC
WNUR5R9VZK,2022-03-01,5E6Db13AF3bddfD,RQ1QCUZ7HX
DWM7FCH1FA,2022-11-13,7f83AADE353F5ad,1F3K6U30SR
TRWD96ATQX,2022-05-10,Ecd8EF1bE3A5F3B,KZQITU8L6T
2XRJM3T9K8,2022-02-20,F2D75c64c1dBC4e,4MHB8MADEV
UWTMH7ZX6Z,2022-07-24,0ae5987cCC3EbcB,O5JDA8J0CW
7XZELKK2RQ,2022-09-03,1CB7C4e6d0a7C13,X03ESHFXSZ
QOFCZOI3H0,2022-07-25,8f3015cAb55F348,6NCMUD40JY
ARE1O4GO09,2022-01-20,D269D6cDBEB29b5,PEXG1EU9HJ
GO0EVVI9DZ,2022-07-24,467Fc9EA1Aae0AD,O23LCYQJZP
ZYD0RJBX41,2022-12-26,ec2Cc8fbFBF8F8D,MCGK816MPB
U86V0KP6JN,2022-05-29,44bCffc462bAA63,0MYCCRQM9G
8L2L1WOUZQ,2022-03-03,f074a08cD7BdBc4,XW57HZV6HX
57HAKZF8LB,2022-12-25,8bC1dECdBE9C486,AC07DSD00W
UZPFRPOCDW,2022-12-21,f057cc8de892Dd8,T9RLGYYMIG
88H8VWURXQ,2022-09-30,F258Cc9fc813BFA,XQB0HKRWLR
VB2ZCVFKEW,2022-02-02,B3cc4415Cf3aDeC,447I3QNAQR
TYDC41A035,2022-02-11,841E6f046E83F10,3WAAKA0XDV
6BUNUQVKTH,2022-12-06,a9E75C7cdc1aB2f,FJ3ANYF5M8
P3ULAVWGXP,2022-09-17,Bad48fB46B1bdc9,DFYV7LBR0P
V28HSV4WT4,2022-04-27,D03D2428fD4bC6d,C0Q0IEEPMR
SV8681MA61,2022-07-29,4DB3cE8D9B95Bbc,2MBLAUBMDE
OIJVUZYODV,2022-10-27,F258Cc9fc813BFA,PD831TRXTO
UM9VKZWSUG,2022-07-28,4ffEeea05D7b7ab,5KAG98O722
PIILCDT1PR,2022-02-07,7aFaa0f4Cf25e26,ZU2ZH4762G
DHPJGKCNGE,2022-07-20,DB64F2e35ab51b4,SN5BJC5H42
335O7Q3FL2,2022-05-20,Ebd38C6201E6bea,PDZJMSRKKR
AE86GN19C2,2022-03-23,A7aBc39Ee9dC1bd,RTF89E9IWS
WRN8CRTM9W,2022-10-19,CDA21B6e83Cafe3,VBGLCIEZ46
J93PAP3ZPC,2022-06-18,810Cee3Cb9E7740,75DMAG29PL
3KSB9WOE2S,2022-12-21,Ed71DcfaBFd0beE,PMKPD2IVML
SX0SYTMCIV,2022-09-26,4fdeB8D3F477aFB,SK3T0GI657
Z9OURRL2IV,2022-08-14,f42aB1cd1fc1B59,NYYMGMKBD4
XI76OTJPQT,2022-09-17,31FFcD6eB48E856,DFYV7LBR0P
NQGHJMQLU6,2022-06-28,A6DfA24E3924aC6,DS7MPW4YO6
W4F5G719CS,2022-12-08,c96f6E281e57197,OU63FU67HL
9E1IJ6GYJ5,2022-06-07,d2adC15ceDc8Adf,PCWR7BJFWE
14AT8TREZJ,2022-01-12,Ecd8EF1bE3A5F3B,BII1OZR39X
SKFWO9WKCK,2022-12-18,dFaB7Bc81Df7EFE,8YL8P5JXSP
S022KXWWNB,2022-06-14,9637A7c8840FbdD,6SJN194S7P
PL0PW0OMSJ,2022-06-13,b1bb1cC8deF5333,G4XZBO8QY2
BKLS42QSVW,2022-06-17,0dFeA94c36A0085,KEULXBLYR9
LULEP5OWN6,2022-10-25,bC9AF9CD40dB26C,1DJK2SWDPA
I828R0Y2MI,2022-08-02,cdBFEEF00Ac3b0E,FD24TSR86W
DLLN5VUCXC,2022-05-12,3ACACCEa43cc701,72VCXOT6P8
HASQ34PP89,2022-06-13,629924399F23af0,A9NMMCPD9V
OUNJFAVL7O,2022-11-18,3ede74A0eaa6EEc,IMDPJIW3T7
6G3ULPTB6E,2022-09-26,614f7BFDFD0eb8a,CFXMO6B42A
NN77K2T2M6,2022-05-29,A6DfA24E3924aC6,BKFER2KH0B
GSBUZF30TD,2022-12-28,Acda5EdA0bCA2f9,E7X5FZLOEJ
CASTW5MNFO,2022-05-16,e5c8a1353Ea0C5F,JX4X576DHL
UTQAZRQJH1,2022-11-29,eD7A4B7C22dAE96,ORAQO1WKH1
JMUL91FGSE,2022-04-22,FF0689BbDb8B95E,JH7SYQG922
PE3NAJGD62,2022-01-21,3eE4Dc4C8FAb1F5,DDDSAI3QOQ
FZ25X9KALM,2022-12-11,3f4F6D658B8e4B3,3XJ42WDRNR
9D6J1W9LLB,2022-06-22,7A95b5f60c15e16,T69W5BGH8M
8L4QX8IJZK,2022-01-09,5BB3f6d54c50ead,KRHUPXODU8
D1NFKR614S,2022-01-25,57AD76BAEEec978,7OBQWTI2DK
MAWLFHRJFF,2022-10-11,013C5edC3dc4dF8,POE04QEGP6
R1ZE159COU,2022-04-06,69EA746B5eEA97C,G9C8E38B4P
WH0RXMPP4C,2022-07-18,C8C2ebF103A8E69,RE39A13ASQ
SHAU9E90CT,2022-12-21,E03EbCFDDcE1f1f,XTA91EKNPQ
XVGDJFAYVV,2022-07-26,1Dba7B14a3E44EE,KRHUPXODU8
RUAVZKOG9Q,2022-04-03,7B247Ca7BbA098d,8KRCZQUKK8
1BGXXZ59ZC,2022-06-02,0CfCCfc4617b8fd,VNNHIZ9166
3OMCC5WEU0,2022-05-31,C373a6DfE147b59,EVW6OB0FBF
G2A45CSKKM,2022-09-01,DDB3ac3B6fDd78c,9KN534152Q
BLY568M5M4,2022-02-04,beC1BB41df95f2D,P2V2CZMV94
RMD0BIKQNL,2022-07-06,C88B0CFc36D6fF4,G6UGT62DSX
76ZJFVY23I,2022-02-21,c380Ce9B006eD2D,DMFF2NVNT6
O5SP4TVMDQ,2022-04-26,c03baDebc04ba3D,1QXD33LD6H
B1FN4Y8W6M,2022-03-04,F6dB61Fb3e6eEc3,G00MRCPVJS
MZPV4QNCDZ,2022-09-05,f057cc8de892Dd8,UL1NO7DACI
KS4P76PWT3,2022-03-31,CccE68e2611CB67,2F22G03MZ5
G4ZX9EA90E,2022-04-24,4AfAc0Bf3e2708E,2NVVJMCFZL
Y1LXWGFX3D,2022-09-25,bA09B6Bc6fBc65B,LTSPCO47W9
ERYGJQ1VHF,2022-02-16,Bd6E5AeDB8b0B85,7B4T31Q1NZ
L5PM7LHE0N,2022-04-05,1edDB7AddBB3e9E,HJX8WE1SL7
8VZV59UEU4,2022-06-29,a902eE5EABd77DE,QW294EFWC6
RF2SPGHQ99,2022-01-14,c905D9b34C5456C,6JSF6DE6AJ
Q76BZWG957,2022-04-09,69d6EEBb6B1D58b,XS8NF3Y4UB
27FY731ANG,2022-12-29,11e509B23bA84f8,XN01S1AEYQ
ANP4K7PKXQ,2022-10-01,d0Fd08CEbA41c09,LJVMCDQWWS
9SYZEO6HQ9,2023-01-06,B40923EA0F7b9d8,CDJ1BWYLJV
B395U7L9YS,2022-09-10,FECAedB175FD9f4,5TS81J17FI
Y6HKVQU9OL,2022-11-12,FF2F15A0c3e6Df6,54VVBBXVNJ
V4N04TZCM7,2022-03-08,510EBCCeF8FABe0,KEULXBLYR9
3VD46VDSD7,2023-01-04,43CdFBDc5D631BB,FZGWMWJ8DK
ZBNP29WTVH,2022-09-12,eABE50FeE6c751b,FK2S8SZ1CF
I7FDQIDHNW,2022-07-18,2eC6783b36315eF,UJZRZWM8IX
GWS2X14NO3,2022-03-26,3b5A0bFC0bcAaCa,NBRN8BLC39
H0I4Q5E37O,2022-10-24,DDB3ac3B6fDd78c,JMNH2HW3CY
H87STG9BSC,2022-05-10,42b8FC0DBebFD48,MW1BGR3BIR
GY62JQIL7U,2022-03-24,3c3e7EB7afBFb5d,G6X2X5XY7T
B13CDUQ6WS,2022-10-28,aB4EC741BFAd71f,9J7FWAJ7DM
51JEFZLPFL,2022-01-24,05aaB3e75C576D6,66HUVH0NJO
CH27NMIID2,2022-12-31,cFf7Cb8E9d87b29,JKUUM8HSR5
O7NMR6AB51,2022-10-20,690145e7Daff789,WVOYPTZ8CT
GZ2S7TEKE1,2022-01-25,aCabfCFCCa9fB2c,779AKDVOII
3VJIL62G6S,2022-01-12,31FFcD6eB48E856,Q766K6ZBQS
4IHP22T05G,2022-10-14,A4D53a3EfCfcAcB,VNPIJSUUHI
W5Y4H2L8P9,2022-04-21,ebceFfe3e95DA36,ESK7UL6AFU
A202TNWZTO,2022-12-02,0aB79DDdEDdAe0b,YNMXTJL3X1
PE2BN9VHK5,2022-07-30,9637A7c8840FbdD,IIC5WZ2Y3Y
MBFR0AKV0S,2022-12-17,66dAcfaceb50FCA,6T3ZF37KT4
ET3NIKH369,2022-03-26,2F704AacCEbAb2b,4ZAGFMYKX3
G1XPXZCSZD,2022-08-21,c380Ce9B006eD2D,02JVP376G5
F57VEWNNSO,2022-12-15,1EB8ac9BE8bbC8a,5BHI8HI8WL
45O4PHEMAB,2022-12-14,e1835eA12f669Ab,MEZBAU0UNJ
BSV1IU7UZ1,2022-10-17,f6ac8CfF7ac94cc,M6ON8N3GXH
UDBSIPCOLP,2022-01-14,aC06DadA725b3Fd,2O02KBBUJS
0PPKM8VV7Z,2022-03-12,9ca2f3A7a60ea88,QUDP57DRJZ
DY3K436NXR,2022-06-16,CDF04Db0f9AbD34,UUZBKAUY07
945O6YX9SO,2022-06-12,a5cebB3ff1f279E,CKEGCY8WUN
Y793EGOGZR,2022-02-05,0d76Cc0178cEDde,BD2LWYZE42
6OT16E1GDU,2022-04-25,201FF92c4c85ef7,SZWHVM9N8A
SEW4QLSX32,2022-09-20,38ceeCDD313ecDB,X2ILWK5UM8
8M8Z2XEAKU,2022-01-24,f717C76C8B424FA,T41ZQOM7E5
YP1BBJ8CYF,2022-03-16,59F389BC8b480eC,923LRH82M0
CS7SAPX05M,2022-07-24,b57FacbCd397D90,SG29C7EKSF
SYR80M8LR0,2022-06-21,5BB4737f69cBBeD,PCWR7BJFWE
MXQGCOXQSG,2022-06-29,B43EAF7bc56967C,8986F5TJOF
7XG2ZQ8BCW,2022-02-28,BE9Bab7Ff9B020D,Q8PXPN4713
TA6IHCPCCO,2022-07-05,aCefF56E59aAf75,MU9O24M6FF
9BZQBM9RVG,2022-03-28,9C340401d2E861f,CSOAOL4XZJ
FTECK4L1ZT,2022-02-14,aD92Df9Efe5950C,5H67RTAT29
URU19G84KG,2022-09-16,51C771FB6a3c75B,DBIZVPBOM8
4Y8S88D4OG,2022-07-21,6f09DcBFED2E9bE,U4UZQZ1B7R
HOEWIX91PZ,2022-03-30,aC06DadA725b3Fd,4U97VVEBTI
CYMTPQF5D1,2022-12-16,5A3147D0A0b5eFa,2GH9L838VX
5YVGVJD1DJ,2022-01-09,0c7fc0bFd703d8e,RNYOCSIUBZ
Q37LS53RQM,2022-04-22,Fb2FE369D1E171A,9OQ16NT9K3
OZM9GJIGMC,2022-02-22,362D0033BCa5D4e,ZSGR0N6IYZ
U5I8NLZJFJ,2022-03-10,6c2B7c0DaD5bAD3,SHBTZ53K9R
DO4YM22RC9,2022-02-03,9de346CD67Bea2f,PWBOCBEIC3
KLBQGJBDB1,2022-01-14,EbeBaF711EecFa4,NWPD1DCLV5
HJ7KZ1T6ZX,2022-07-01,cFa41AC8D3DFbbd,1J6W1WUTDL
WJX1K1JTKT,2022-08-25,84d541bF328a42E,4N0KDAULDN
TWU5MK3R6Q,2022-12-27,a2A4fd285DAD2b4,40UACXJIEE
1H1I2IY1D9,2022-05-29,aD92Df9Efe5950C,X2ILWK5UM8
0B5TMBIPRS,2022-03-05,1d302cfF4C11B3c,K7CJIMKHTK
SX5TTPPHXF,2022-01-18,5968b1AD19823B9,DFM1WHN1W6
FV7K55T8NJ,2022-05-10,efeb05c7Cc94EA3,3XMN0JTKMF
J24WDHFZNS,2022-11-02,A1CF962d1120Af2,C8H584LV3O
X89XM4V1KR,2022-07-01,2adde51d8B8979E,GXPNYS19UR
7BRU2I8EPF,2022-09-15,0BDeC9Ae4A14b87,030MC9OSCX
IKR137J1C4,2022-11-25,BCe1cA2aF4dc7Df,21ZU34S4MS
SMWUJHAYAW,2022-11-19,f2659f09BB9d186,8JVNGRBUWC
ADZCD5SSU9,2022-06-30,f0Ece0Adc57469f,LVL4135BBS
WE8GT4O1ZD,2022-09-25,4FaC35aE11Bb4c3,1DVDHVQ0PZ
FK4WRWINZW,2022-05-11,9ED6A10458B20F4,WOA5LNU57J
DGL6JLNX6L,2022-12-10,8C68f3F7fCdE854,TCQ6AV1HBL
MTG4Q7MZBT,2022-08-01,ec2Cc8fbFBF8F8D,TD25EKGQ2M
33IHT1L95X,2022-03-28,38ceeCDD313ecDB,34PLZ0ON80
J27D7E6NG6,2022-05-13,AB5a29077eDc170,6LAF9OET4U
9G5GOZP2HX,2022-02-04,7A95b5f60c15e16,JSAY42VJ0T
KSSEBB6VVU,2022-08-04,2E94Affb5a9dB80,I8ZW8BS5ZB
9VIFCHMQM1,2022-03-15,D269D6cDBEB29b5,DBIZVPBOM8
QMHQBO1POG,2022-01-14,5Bf923A1cB6ACF3,Q8PXPN4713
S4DO1DK1PH,2022-09-11,Ce4A51f46CD8379,70JBOBVYJI
LI7D5YQQXN,2022-11-25,120b4B8Ab9f96C0,1MFZ178KC0
MQX7J2MKCN,2022-11-21,EcFf0bEbF0B85f4,NWPD1DCLV5
V7BW9HJZGM,2022-01-30,5FAaf91AF4cb9d0,R5ZP7CEPXG
D1BZ8R019A,2022-12-31,27eeC47948DFD15,JEJ1JCQ2WP
3AJ3I606Q6,2022-11-01,1Ce2abB79CA6b40,ZU2ZH4762G
MLWZDUB4C3,2022-02-01,131570D70d0ff65,BDQUSWRX8Z
ENX6U6XKEM,2022-03-11,0CFcdEe5cbBdA0c,454M0Q9U48
YIF6607BWR,2022-08-23,c2A8DC6D0Cd1fB4,ED5UZKI4TY
345APLGSPH,2022-01-25,8b756f6231DDC6e,36VWRPG44X
12JPE4GEIY,2022-12-15,8b8Aab259B2a00D,X7TVCR9CH6
8TOF8TUPUZ,2022-04-11,Bcde4A17Aa9D059,KTI6H1N9JB
252EDVGE2R,2022-06-15,Bd6E5AeDB8b0B85,WVA2PHNYHJ
DYF4FV0G8D,2022-03-17,CEa30100D11C420,2JGDTU1FEQ
QRPZTYYSBZ,2022-02-23,4B4D0AD9abE41f0,RTF89E9IWS
33DWJK60IA,2022-10-30,CBff85B9A4A4Aa3,THMQQWSE8I
TYMLN59K4R,2022-04-16,DDB3ac3B6fDd78c,CIA11PU01F
JBTFN6XERP,2022-11-22,6761B55Ef8Ac3E9,23KB5PTAIE
2TS3PYSCYM,2022-04-30,f11201935b4Aaa6,IZ1KIYIK9O
8ZHYG9G5NR,2022-11-24,f074a08cD7BdBc4,B79DPD1O8Q
NKCTV84HYC,2022-03-27,0c7fc0bFd703d8e,U76LEIJMRR
GHBUZUANF3,2022-02-13,C8F6080ebFbAf2E,7TPA4WZSY6
4VYEVBWKBM,2022-01-12,42069E2a97adFCb,EYJ4ADK296
ANAWOKOBS1,2022-11-04,dBF044bC70d8afd,PFSW7OE71P
VDRMPA6QNR,2022-12-05,821BBcC7EA6B83b,OU63FU67HL
2L8RQ03DL8,2022-12-13,15AB971997BFF3b,YTAEK54B35
Z9GHLUT4TR,2022-01-18,9f4FbA2EBBDE350,9RHHJRNFV2
PR9LHWNX6K,2022-10-16,98B4EeDf0aF2d88,S0K9X07U4I
HXK8JLND6S,2022-10-08,D5BDdFA8A0baa18,LVL4135BBS
ZR43NEKLFR,2022-07-24,D8A160cFf6B758C,Q8PXPN4713
KVM8FZ7KKZ,2022-11-12,CBBE3b613E5EA09,ERPJ4R6G4N
95VDD6JKP3,2022-01-29,5AB091FFDe887eC,9G1PZZEKWN
ZVUGISZ0T2,2022-03-29,Ca9E100bcEbbB0e,92BU0TPH55
LQ1QRN8IVD,2022-08-12,FFB77320B39ea0E,YW1ZAYND1Q
Z20AJ3LAKR,2022-11-28,4fdeB8D3F477aFB,7OBQWTI2DK
6N1DBSK9QU,2022-01-07,Daf8e1af4eEe8F3,FFN5UUNOM1
NO69MUU0W1,2022-07-27,7b8cD5a408faDB0,XTA91EKNPQ
2H81CPILA4,2022-12-23,b1788A50be78Efc,IAL6KZ422C
29274YSJQQ,2022-03-28,BC35A8dAaE8A73e,E63Q55WMOZ
DA7CG0LY0W,2022-08-18,f6ac8CfF7ac94cc,VJMQ6M01D2
FU35RE85YM,2022-01-16,bd79EF2c2a3bad3,UIAOUS6SSV
0NTYZP18FM,2022-08-17,BeF4EDcC9cb475F,T8AXHLT9DJ
L061H70ZPD,2022-07-05,ffD399FC7075C4b,TK52UF3WS9
8I7118MOIN,2022-11-14,220243491cdFd7A,67LZX23SIB
3AQX9XB4CS,2022-06-23,2bA19f60a800b19,4GWELG8UXP
DSMAMS9O6G,2022-09-30,9dD0fA3FA742F6e,6EQLSOG0EN
A4797DPY2F,2022-09-20,FF0689BbDb8B95E,GKI2DQWQWK
31H19N1ED8,2022-02-26,29cb6ecF75451Cc,B48985MOFY
0L9NM26IXY,2023-01-06,d1dBCAD3825277E,RXVVFZ24VP
FJ3ZW7HZ64,2022-11-19,998C3Fda97EfAff,RHARWKW80T
57XJDTY9TC,2022-11-23,4D01fd1AA71fdcF,CS60K7UB66
KK0JYDHTJT,2022-06-02,26A154Aa4318fFd,E3J5W1FLN2
ZI9U30EJBA,2022-08-02,510DAC1BE6C39ef,PBW25C1HJ3
1Q9VECTKH6,2022-05-29,a6cAC992Fb6BEBC,5E8BF36T1Q
BN8DN863EM,2022-10-24,2BAe5D357b1213b,VVB834CGPR
YX5TXSL8Q3,2022-03-14,7d3402dB0D0d2ae,IE0ZL3PA6W
2BJKKDPYBF,2022-12-23,690145e7Daff789,T8E641FGNL
LG88AH4BQV,2022-03-31,d81C0AeE4ba2ACb,W5I8RYGIMB
4796S5DLCP,2022-12-19,6EfA04eA2aA4F8f,TI9W79VCCL
LNLIKCH5CG,2023-01-04,cfc55CA94Ad1CD2,YTCA4RGDAW
I2FCACI7G8,2022-03-18,Afe55F5D86CBac0,TU8P5PNAFQ
KK5C48NF80,2022-11-26,48a0F16A7108695,X0R9O8EY8F
EQI558YL0V,2022-03-30,f515A6dDdbCFD4B,3X4Z7UPZD8
AQ9TLAE2I9,2022-01-10,F2f91586dA8f7f5,4RAA496JB3
X9TUE66VXR,2022-02-15,dF4FDB4BDAA5f8f,ZTWWH27IDF
U27JKFGSJK,2022-02-23,fD9d0F38eFBa56B,DQWTD39LVQ
H5WZQ2F92A,2022-10-02,8A9d5DF69Eb8c3C,IK43LMGNPF
R2ASY0A3QN,2022-03-22,6F140eDaa8EaBfF,BII1OZR39X
0UT38LIPME,2022-09-08,10378DebBF35f3b,TKBJZP7F5U
PVN6QPMEHK,2022-06-02,faFEea3b50D6123,3VK1N290W6
O4YO5QLONV,2022-11-04,d9dD13F72DeBEFc,7GZUB3FH9B
TFAS5RS2KX,2022-06-15,Befc7139d7eD662,I8ZW8BS5ZB
WN1IDE4U7F,2022-05-04,Eb26cfD1F836dBb,JE16JDK0K0
3E6QPBFUAI,2022-05-17,E95cF2ADa9cd5De,BJ9VGGVQF6
FJP02V5OKF,2023-01-06,AbcE3CcC947cbBD,W60GS3AJUI
VLPZ7G4YMP,2022-02-07,B9506A7DdC58b34,4XH7IJL1EV
MSWNHGPY9V,2022-03-15,7E23C2d0a7A7A1e,7Q44IP60VJ
9LSPVCS9QV,2022-07-21,d6203591c7BEB4F,9PMKOCI01W
QK15S2SOA8,2022-04-05,1E5bd39FEa189Ca,IB68RVN4MX
OOX60AQ5GA,2022-10-29,4dE9EDDe64A5A1C,HLN9A609VV
AN156WWQ03,2022-03-29,dEEb9bDB65Ed4fB,W5I8RYGIMB
T1XK5IC0F0,2022-07-17,Dc4B211215cDAdC,Y9935QOM86
CKG1PTIEE2,2022-01-17,5DACBefF884DffE,RGT619C7MB
3LFXJL5P90,2022-06-27,48bD7CBc57D9B81,JQYDULN3OQ
LRSEU2N4C1,2022-07-13,Fb9178FdC2CEE3d,UDVA2ZC6ON
PMRYJCYVY7,2022-12-17,Ab9bBff60787e3A,3FF88RY85V
WN3P5ERU8V,2022-07-12,1ECBd9199A91b6e,8KRCZQUKK8
LO2381D2LB,2023-01-01,5Bf923A1cB6ACF3,1EFH28GDDI
OJCNZY1UKV,2022-04-18,fe3E1A26dc62DA6,6SJN194S7P
IRFVQZGXWE,2022-07-08,dd2Ca5BbccCFEC5,CPFOJ7DWNY
34663BMBMQ,2022-04-28,1d302cfF4C11B3c,H6PX6S8IKI
P7HFBXJMOD,2022-01-29,feaBDee80bd3bDf,Q1TWBD1QUP
1DF80FY6VQ,2022-06-17,f515A6dDdbCFD4B,1J6W1WUTDL
BID0C7DK06,2022-07-31,E95cF2ADa9cd5De,IIGNGIZ46A
DOTACBEPSM,2022-08-19,3b5A0bFC0bcAaCa,A5Q1F3UZAH
T0MZXDNDOP,2022-01-26,67844458acb8E4f,5BHI8HI8WL
DOYLXNSRHI,2022-12-17,D7B72E2A09D9a3e,ZU3TSAVULJ
S3Y6W96CY1,2022-06-28,340ABAD5FAaeD3f,ORAQO1WKH1
P1TAN6X93K,2022-03-26,d6DEBbCEEd1Ce8b,JQ7QZ7Q6SY
G13RPELBF8,2022-03-19,4DfdDfafc4Da95e,CI2GTNMG6H
6FP5SU2ZWD,2022-02-07,66301e7bCfdB2f2,FJKSNPD35O
1BVA5GZRID,2022-08-20,d5703EFB0aE200d,34WTGJMNKV
81JKSXW7AM,2022-08-08,EF07DC6caA5D31F,053WKGOYD3
4BU2G0ORJM,2022-04-05,65C7BEd9cb1B8aA,5PGXVC4D6U
JHJ14TTCST,2022-09-28,DFAbEADF85F6245,PHKIBZT6ZX
6VR311K8TV,2022-08-03,204C8436FE7f0cf,LH8LC99OWX
8BWAVAG3JZ,2022-12-27,eb2A96D54cAb5c6,WTNH1AULPP
GDDL5JFG6R,2022-05-31,De2AA444491b30C,36VWRPG44X
FLIGIP40HX,2022-03-11,bdb61a25De7a257,A0213N8N54
2D2XYMNM9S,2022-12-13,108773b6Ba4Dbdb,SQVJOG6YQA
HBL59ZX5GB,2022-10-24,8f3015cAb55F348,GG9N0JNURY
4EHK8MGED6,2022-12-15,febeBfb4A53B2C1,03YB8ZWJYM
7K8YZ710D2,2022-04-28,6CB75D1B2ab98E8,QWW2QV0YD3
WVJIMRXP31,2022-07-25,220bEfDd34E26EC,PWBOCBEIC3
ACIB9KACJS,2022-09-05,A3C384EB6F44Fc9,23KB5PTAIE
QXVVHKWPNO,2022-06-09,C1d1F3BEd92F0Dd,OUAX2RAEN9
49LDLD4LXH,2022-11-12,BF2d1D6E5bacaBC,4MHB8MADEV
4LFQQT67TO,2022-02-17,2d6993bBcBBFE58,70JBOBVYJI
IDLJ77OFA7,2022-09-27,355e6511Fa0ff55,2MBLAUBMDE
4B00DFDLRV,2022-07-19,8ABEFBfec676eAE,NW0QJU7TEW
KMYCL7N4TM,2022-06-22,F662ad8DfeC0095,FH45HGM4A6
NL8JZUO4Y6,2023-01-07,B9506A7DdC58b34,4NVXP3RT65
LVAXNTINXX,2022-03-28,7f988e027112551,X4LC1OHO5P
MIN93GUXXR,2022-09-14,CBA7CBab9Dfeabe,86HNZNPHK4
CLO3BRD15P,2022-08-26,FBe8a925400f4f4,2MSEVLI9TB
DZMVRW58LC,2022-08-31,B216bfCCEEBFe1e,IMG0N58J1D
VGHUV4AV9P,2022-11-24,c9b482D7aa3e682,TI9W79VCCL
J4ZGXULY9D,2022-11-02,eE49Ce572F490dB,6JSF6DE6AJ
4T6TQ0IUPN,2022-12-28,febeBfb4A53B2C1,XS8NF3Y4UB
B14KJ3O6LL,2022-10-24,Befc7139d7eD662,IFC45AX7R4
6A453NJ6OL,2022-09-14,E03EbCFDDcE1f1f,YTAEK54B35
1GMYQNMUEI,2022-08-22,cFf7Cb8E9d87b29,9E715U2VYY
VQUXQTKHQ5,2022-03-19,668E9F3f3fbfD6f,5HF3FA4HBR
HV588D1J13,2022-08-07,830EfF83609B48C,NH6J705PSI
NZLO93TJAB,2022-04-12,cA1f220241E096C,KYRKZLEGGW
4OHN76RBIR,2022-05-23,71F739A38d5D85A,8YWZO92SAM
BL6I9AUXXF,2022-09-13,Befc7139d7eD662,S1PTA38P0W
WRVZ122J6S,2022-09-24,0Aa56ae7D7fe82f,DNH9C6ZF5J
JAGWAYFTD9,2022-04-06,810Cee3Cb9E7740,ORAQO1WKH1
E01M4NU8EP,2022-05-08,34C5b3CEc30c481,S83PVY8YKF
EMNHYNNG1V,2022-12-16,4DB3cE8D9B95Bbc,ZH38GLK4GC
U2RU73X4O9,2022-12-06,f930e7A099bbEBB,R9HTE2Y2ZR
VPW39EQG35,2022-06-26,EF07DC6caA5D31F,X03ESHFXSZ
KOI7OI2YYE,2022-07-14,5E6Db13AF3bddfD,XYQM94IBCX
M6PZY75WBX,2022-09-25,7210306Eb0E1cDe,QUDP57DRJZ
9RH8L9KMSW,2022-05-12,204C8436FE7f0cf,ISSIR02WJM
0NT6O9FYT0,2022-09-12,fe3E1A26dc62DA6,FX6SQD8Y76
91YZO5T41K,2022-05-12,4DfdDfafc4Da95e,FZGWMWJ8DK
WOCRNPEKA5,2022-07-05,10BcFD5ED1Fd7a3,8KRCZQUKK8
O9Z46TWJ59,2023-01-07,2C96bcB1cD0f6ba,HID7QL8WTY
8EY27VZAEV,2022-05-12,625CCE85FfAA2E6,XRZ4RRJ9X0
7G42Y11X5J,2022-02-09,4aFFB7eC9bd16fc,P4MIOTHYTC
IT2T80KCHU,2023-01-01,A6DfA24E3924aC6,7J500VU4R6
79TKVROR5F,2022-06-24,8EB4C4fd0C44bFa,0J0XGJTQSG
MPJ2R83OBZ,2022-04-11,f52181F2B4c2e9A,U1PE0N6GLX
W2XYF5BFHP,2022-08-21,BBa02EC792cfFf3,WD9A6GNENJ
S0W2K0U5AI,2022-06-26,A5bA09eaEC487D3,A19J2E1C9Q
J0D8BKQU7J,2022-06-18,7Dd645101CE7dD1,PDZJMSRKKR
PR73166F5Y,2022-05-10,e96B00Ea1A4AfEb,0ZSIPJG6WI
12EJMEEIIL,2022-12-11,7c0f808CE9EEfE7,HNFJX8VV89
L1A0IA6E21,2022-01-17,F7307C0fbDafbDA,0BLQHS2K2U
Y6THGGQIED,2022-12-03,6fc27d896D3c31e,CKEGCY8WUN
D5NXJD4CEZ,2022-09-24,CFd08cE1deAC2C1,0S4W71GTWF
06P8PYUJA3,2022-02-25,D4cd00da652b525,GINL9VU8QN
JFR215HMZU,2022-06-25,aBE87b98c2A20c0,YJ08ZTA7PN
FYXLRO376C,2022-08-10,220243491cdFd7A,GEV5FXPBGC
Z8XZPXXNWT,2022-09-11,62d4BBecd04c1D6,YMITIRCT5V
NNBN535BEZ,2022-05-04,17cfdDe5c065ab5,SDPC6WTMAC
OIZ3KV1EZ4,2022-04-05,aCefF56E59aAf75,9TX10FB5OM
O43NZ8MEYZ,2022-08-19,aF7fB3051A6f821,HV006K2P28
B7XG2H8243,2022-01-11,98B4EeDf0aF2d88,FR8WB6MOV7
E5SRNPIR7C,2022-12-26,54cC44b9D7fEDCF,8BNA3LLIWO
Y182W1QMPM,2022-04-28,1EfcdA0C36Eedc5,2ORA120OQ7
TGKR7S6G3I,2022-10-15,8b8Aab259B2a00D,0THPQW5DBI
P8GLXZAZVE,2022-04-30,631e880aee8B16B,OMTACS856S
0E0R30KYUG,2022-09-01,eaAda801D24C59C,67I24ICX0S
FXQK36EWSD,2022-09-20,Ed6dcecd37Fc4d0,FYFWJ5THZY
AXOWZH5M37,2022-05-01,79fBAFAdA0Cc4c3,NWPD1DCLV5
E1CDVTF15Z,2022-12-01,89D9ED9f397ccdF,LD52DTAYN3
8I7RNLXDCE,2022-06-01,Ab0bbcE993E23c7,DY96444MB5
VZJIVDEL2W,2022-05-06,caBE9a5064ceBfB,M8AKZYQY28
IZNWYY6ER5,2022-05-27,925E52c1F2F239E,XYQM94IBCX
CND5E23JND,2022-11-23,0ae5987cCC3EbcB,GDFIYDL6RJ
5AQW1GZ11E,2022-12-12,caDAddce68a5E34,SBIUVOR80A
QSGCOV8DDM,2022-04-20,ebceFfe3e95DA36,4NVXP3RT65
S0WAKEJSZ6,2022-10-01,Ca9E100bcEbbB0e,CI2GTNMG6H
Q8OLQ3Q4LT,2022-05-06,c3df75a238AC754,EEI5VGRPL2
OPSX5P57R7,2022-11-26,510EBCCeF8FABe0,X0R9O8EY8F
CSFIHJT5KM,2022-10-25,f3cCaCEbcD7ECae,W4N0LWBL4C
ZBX8B8DB65,2022-12-06,bcf0DEa3a7585Fd,LKR07SYA09
1A2RS4NRLH,2022-05-14,a77Eca88d9a36C5,C3KAHEJW1X
6OHB2P6993,2022-09-11,d6DEBbCEEd1Ce8b,UYFVM7LF1F
ZHVTWUTKFH,2022-05-25,D88FB59Ed3efac7,9G1PZZEKWN
MR8M8JFEUA,2022-06-06,f18c18ab8Ab27Fc,YNMXTJL3X1
KSU8PPW8OA,2022-04-08,1Ce2abB79CA6b40,EYJ4ADK296
LHF881N180,2022-04-10,1187FDb1d7C98B0,NYC62K7CUL
AFBQFEMBKI,2022-03-10,132E21CcB3fC9a9,3WTT7ZAJB8
WSANNGSQB4,2022-08-20,CDF04Db0f9AbD34,ARZLVQ0E8Y
53CBXXAUHE,2022-01-23,A21b0F9a2a762fe,U4LV29O6EL
FFIUHLO6OJ,2022-02-25,CAd760C0ddC6EDE,IFC45AX7R4
XLGCXWEG3I,2022-05-22,d49EcceD0Fe3FfB,APC69KX822
87JUECFIF7,2022-12-08,bF5721BbCd579Df,IMDPJIW3T7
1M0KVBUD2C,2022-06-02,203e2beE6cc7d3b,OU63FU67HL
NHN2EM3CP2,2022-08-05,8D7Abd69EBcabCb,WKLEQM07KN
OBJ8T7QZD9,2022-06-01,93329AE35DEeCCc,WI44FW897P
DK7FVIEEV9,2022-10-13,D25eCcABfFE4C5c,BII1OZR39X
NU7F8XSJ3Z,2022-04-27,6EEacA1cC73fDba,36QENMQQIK
ZVFSXU0TJA,2022-03-06,Bcde4A17Aa9D059,9PMKOCI01W
JRVOVW1ZLF,2022-06-10,fA0eA5B7e62c9Df,LUPIBZOEES
PKREU4CW3W,2022-01-17,9BF53D7DcabdAA7,DSKB438A8A
1ZO5D2ERT9,2022-08-31,4DfdDfafc4Da95e,QIEEIDR2O7
SUUVD5RLI9,2022-10-17,8b756f6231DDC6e,YJ08ZTA7PN
DIYRQBHM9E,2022-12-04,bC702C45cBCCa3F,W26T0WPE6F
JQSRVIW6G4,2022-04-14,0dC7084B63A02BE,92BU0TPH55
TGZZVVTNZU,2022-10-29,f6ac8CfF7ac94cc,RXVVFZ24VP
L9I4A3U6RV,2022-08-24,BE2A1E276a26bA1,OEBE9ND9P6
ZRQ28N5YTZ,2022-10-30,3E836e147370be3,1FKV1JVN6X
51VS63RVIW,2022-01-14,BA9FCDFCed8a434,ZTIXIWY4MP
GZMNG4LS04,2022-10-09,fAe6254d1E37D0d,V6347CXMZI
BUWQGNPN5M,2022-05-30,94bE4E2109cF33b,9TX10FB5OM
J1ARXSYXZD,2022-08-15,e8Cb6Bc924f9FDe,BKFER2KH0B
Y42CQ6BSDB,2022-10-05,448dAD1F6dCc9de,Q2642VM22D
06N9I12YWS,2022-04-05,Ad3eeD6281043bB,72VCXOT6P8
FK3ICLJ7G1,2022-04-23,EAebe71E9B4F8ca,4Z42ENY21T
1DICCQ9RM3,2022-12-06,FC8fa29F2D57eCe,UQQ1RBT973
84YLEYV4VI,2022-07-31,94935E4B01ef83b,G1K1ICPZZW
V1MGDQR4JL,2022-12-05,7333106C93e179c,EKGSFWHV5P
2I92651N17,2022-03-02,B40923EA0F7b9d8,5P7T6GXJR3
IDI7T303SH,2022-06-08,7eFA59d05df2cA9,ZWI5VQ0XHH
FX1AFRN29B,2022-12-01,3ede74A0eaa6EEc,THMQQWSE8I
17SWRRHE9M,2022-10-14,cdD4Ee6be68BADD,LSROJQUVF9
VMUD2XF80P,2022-04-23,3d5AD30A4cD38ed,JE9IKWBJS6
IYWP9A4R0A,2022-05-16,D25CCce21EFbe7F,ONJ9EPVE21
76RC3MP14C,2022-12-23,cFeE691ffA1c254,TK52UF3WS9
4PQR34H2QN,2022-05-22,Fd6F8D9e986Cc3D,HPQEEQIV3P
IDP0GT1LIO,2022-09-14,bC9AF9CD40dB26C,G16Q1HNCPJ
R1A58HIPAM,2022-02-11,FbB1eCd50d46bbf,JSAY42VJ0T
HSYM3B890O,2022-05-27,1187FDb1d7C98B0,2EPN63495L
HY1AJFRACO,2022-06-17,c23aDdb939f4D7F,W709126JHQ
CPA8CU45DY,2022-05-12,53a8165b5eFDeBb,NZ2RJLEORT
LFK8HW7VDP,2022-08-19,aB2Ef1d3f6d6e6E,36SNBYLZMP
SRA6FEW0TL,2022-05-19,448dAD1F6dCc9de,H0NATIOUK0
H279H7N9YN,2022-02-13,02C553bfcFA32bA,C92TQM0WVL
ABEOR7W2DB,2022-02-27,5E5dbe677C8Da1D,EEL483ADZ7
CVMW8UT5PG,2022-04-18,aCefF56E59aAf75,UX71WQ8VCN
E1VAJ4UUJ9,2022-06-13,cA2E09ACc7f4c91,JZ2OS4X8TE
0GBWXGIB1Y,2022-04-14,cC7cc25dDF9Bc7c,DQWTD39LVQ
Q8AX0F6AAF,2022-09-09,E95cF2ADa9cd5De,36SNBYLZMP
FHD3HX6ZRE,2022-06-04,fedF4c7Fd9e7cFa,W1UYC7119L
AJ9S65JSRH,2022-11-08,7B247Ca7BbA098d,7B4T31Q1NZ
LU3KMOBLRA,2022-02-07,FECAedB175FD9f4,DN5SDQ2P6K
XT87G7WO4P,2022-06-23,6dEd664A81d9726,DN5SDQ2P6K
OJ2773PDCD,2022-06-15,2d5C3dc437CF74c,FMCB3WO8CV
PFG1VP93VR,2022-06-16,444ecB8f60d8ab7,XMBVD4GKE0
RUJSR5CGWR,2022-08-16,F2aEDA5F5fc0685,70A6BMBYPA
EM4DCU9BPE,2022-10-14,41C9C171F0e66FD,UYFVM7LF1F
X9KZLJSDG5,2022-03-25,dACf9f23D35EDEd,G1K1ICPZZW
8Z0INDQUDC,2022-07-01,E2F6F8eeC9bED4f,VQAXCA74IO
P5LW7VRGT6,2022-11-27,eEd90E2BE67cfEa,X6T3ZXAMRK
U3QJS4QAZT,2022-06-16,5eE0eCa3c6ABffD,XF2IUFMYGR
BMRNXJW640,2022-10-13,AB5a29077eDc170,VNNHIZ9166
I7RI41V6YH,2022-06-23,a48c52e71Fe4BFC,461DKJE7NJ
HX9KXBBWN6,2022-08-09,00bBcB58a9D114c,VVB834CGPR
HMS021FJO9,2022-06-17,6EfA04eA2aA4F8f,VVB834CGPR
MRXFZDNDFJ,2022-02-01,85bfcA8E16fAFde,DJZILJA9S2
L8A1WQ4ZNA,2022-12-12,d500353D059Efd9,DNH9C6ZF5J
N468T6387L,2022-06-30,5AB091FFDe887eC,BHKY9T1ERH
G10WYGRMJA,2022-06-02,6de2B1AcFd9cD19,9OQ16NT9K3
K7JL12HIIV,2022-10-11,Bd6E5AeDB8b0B85,EEI5VGRPL2
HCG1BH9TLY,2022-04-24,1Dba7B14a3E44EE,66HUVH0NJO
DG5Y57RM7W,2022-02-15,668E9F3f3fbfD6f,24VVZS6E1I
JNI8GW29TG,2022-03-02,27eeC47948DFD15,FHZ6X35AKH
APP31SYHIQ,2022-11-16,9637A7c8840FbdD,LUPIBZOEES
9CP5Y9U2YJ,2022-07-19,93329AE35DEeCCc,EQO1VXUVIW
U7A7QR98ZG,2022-05-16,1d302cfF4C11B3c,LKR07SYA09
FCTAFP45GG,2022-12-11,F662ad8DfeC0095,VTK2A9NJ59
O1V2ALCKHK,2022-09-04,B9506A7DdC58b34,7TPA4WZSY6
AZXPSLZ480,2022-03-26,caEcaEe8b14Cfae,GG3FCK56TX
JO990YF3B4,2022-11-30,bFB42223CDD342F,J7GVA3HVVI
KK48P6XJ1W,2022-03-24,BF2d1D6E5bacaBC,7TPA4WZSY6
7RVHSKA55J,2022-06-26,6ae7dbDbeF0d829,RZQLGRVSCQ
6FIN4MKXFS,2022-07-21,c03baDebc04ba3D,ERKBR2KW2V
9AEPL054M3,2022-03-31,Ecd8EF1bE3A5F3B,WJEJP7S25E
6S1JMUQJI7,2022-10-21,D03D2428fD4bC6d,U3OZGE6EDL
EJIF9B918P,2023-01-05,cA2E09ACc7f4c91,HDMM22KMY2
W00FMEB49L,2022-10-11,C7BC4419E1B81Ef,HQH2OWGFHW
4U15F7F6ZU,2022-04-03,4E641fd49f55bcD,VBGLCIEZ46
78MMSRMFTY,2022-08-29,caDAddce68a5E34,FJ3ANYF5M8
JU505J0U2P,2022-12-31,94935E4B01ef83b,GH2X7E0S9M
OFNYTOVYKD,2022-02-18,bddDa7FF9dE3b91,2287KMMEE7
6ZS5LCCJT3,2022-01-31,D4eEb4d79D28F5D,0ZSIPJG6WI
TGCEG1TGL0,2022-09-18,Bd6E5AeDB8b0B85,S4PFT69IZB
SEZ92P8GKV,2022-05-02,4FaC35aE11Bb4c3,ZU3TSAVULJ
J67KQ4E1HJ,2022-05-08,cdBFEEF00Ac3b0E,W8UEOLU0IL
3EIUIXNVS1,2022-05-09,DCc1fd51aecd9dd,24VVZS6E1I
S1CULAY78M,2022-08-05,AbB6e97949FBebc,WAHLGPNH1L
KU074C4ZA2,2022-03-04,4DfdDfafc4Da95e,VIHK2O1VIJ
NC1V5FA7NN,2022-07-24,C1d1F3BEd92F0Dd,7E9HMNERRJ
UTD8ZWU1Y9,2022-02-12,e96B00Ea1A4AfEb,IKEAVLI433
8TPEHXTY52,2022-05-24,9D393CcAafBD1E8,52SOYYOD9H
IR5YSIUXC0,2022-04-30,fEE61DcbEb41633,J6R1X57ILG
UTSV3LMYEG,2022-07-13,Da9eec47EAb83AA,8QREXARCBC
DH0JK8F5O0,2022-12-02,00ED5d507b542D1,XMBVD4GKE0
SX1GT85D6E,2022-05-13,9cCe4d460980cdA,5E8BF36T1Q
0JSWO65BF7,2022-03-19,7f83AADE353F5ad,YGZV5C0T7G
X4O2MEW3U7,2022-12-12,D03D2428fD4bC6d,UEKM725DJG
LQ5KUOC5T0,2022-05-09,e5d840eE5BB6e03,IZ1KIYIK9O
UZKC61JRAR,2022-10-26,fE5a7Ff19b2aAEE,O2OEG7NLDP
A4NY3SUQW4,2022-06-18,0e0E47F5b9AbdDe,LCY2LNI0XO
5QK4IKD0LH,2022-05-23,94935E4B01ef83b,5BHI8HI8WL
T4WK5ONN5N,2022-02-23,C373a6DfE147b59,7OJHBRB3U0
FFHK7YCOSG,2022-01-20,f717C76C8B424FA,XZA9YXE4NO
4JMKKG6PWI,2022-02-21,B216bfCCEEBFe1e,Z7T70M5YSY
1WYESC8OQI,2022-02-28,239dbABfd1d1B1e,M8AKZYQY28
6HI98DI772,2022-08-11,5BB4737f69cBBeD,A0213N8N54
EXNZRHSMOV,2022-07-25,7EAB1b223De8c22,LV16LMA51O
PDWPLZ1LAY,2022-07-29,2F704AacCEbAb2b,EWLZY4ZAYY
KSSSVXK6FH,2022-10-17,e1aCEb9B8e6FADd,UL1NO7DACI
4TY4G9SLQ7,2022-12-15,6CB75D1B2ab98E8,CXEM3TTYQU
R7R3C47RC6,2022-11-19,AAF953ce6519B3a,G9C8E38B4P
MVVXPA7NJQ,2022-08-05,A8AEe9dc6D1f3c4,X6T3ZXAMRK
Z4NWWSFHLU,2022-03-12,ECFCF3df04cc0cF,UEKM725DJG
BXSRB005SA,2022-02-01,ceeDdd8a6A9684d,CI2GTNMG6H
VJ6YAFEHL6,2022-12-12,d6203591c7BEB4F,EZ2265ETQK
HE3G3IW7AV,2022-04-16,b7A6ACe14Da2a70,3FGAJUWC5E
01ISERTKWH,2022-04-22,a9E75C7cdc1aB2f,8971UTHIQJ
U1WWD2OQOM,2022-07-21,1edDB7AddBB3e9E,LRXPLK7F06
UN8GF0VHDS,2022-05-20,dCdadA2bCcFFEAE,86TYSO9QVY
BZR56YPA9U,2022-09-12,fcfDa2eC50ae07C,P2V2CZMV94
UODXU4Y70K,2022-05-07,C1d1F3BEd92F0Dd,DNH9C6ZF5J
R52FEOYFSW,2022-12-12,7CcAbC7CAfC4e39,7B4T31Q1NZ
175TT6SWBS,2022-01-13,2d6993bBcBBFE58,0HHI9BVL5B
8K1IASYHDC,2022-04-18,A8AEe9dc6D1f3c4,84G7EYV6KP
B2AVUQE7NY,2022-03-13,aCdE9f39c476fcB,E6U6ZNKVY1
TMOPDG4Q9N,2022-01-13,440e0363A712DF3,LRXPLK7F06
V1659VFEX9,2022-04-14,120b4B8Ab9f96C0,DTEB5A7ZUC
5OFD5XEMUH,2022-02-21,cFa41AC8D3DFbbd,02JVP376G5
7VK8992IAY,2022-06-10,433adDe6CcCb1a2,HR8ZC977QO
NA0DWWTE6Y,2022-04-30,A64b3f208cf312e,9908ERQIEQ
HG98ZAQK76,2022-09-29,09bfCF9a254fDBC,9WVC10VGYR
KZWF6QVT7C,2022-05-04,a6eC59c6f5e5B25,OSBL2P0RTI
V2ABO2I1HC,2022-04-14,3Cb9Fe3aB463dba,3SDDV0RQIW
IPVTG3ZYO3,2022-06-13,6F140eDaa8EaBfF,O32O0I4GRC
FMYKMJBR46,2022-09-08,2d5C3dc437CF74c,86HNZNPHK4
UKUXCRQZSP,2022-04-24,E923A19a2De032b,DFYV7LBR0P
3ZZXB3TZ4D,2022-02-14,Dc4B211215cDAdC,QWW2QV0YD3
1FMUJZR7PY,2022-05-16,821BBcC7EA6B83b,E3J5W1FLN2
3X171S9LCC,2022-02-01,aDB35cb99a88358,F4MN5A7CB2
LXWQJPKBT4,2022-09-14,D59d22DD2bF13C8,CFVY6A0YRJ
DVMB761PIA,2022-07-05,05aaB3e75C576D6,IBKDE643Q0
LPCR0C6BTW,2022-09-19,C1e7272dFDFF2C4,K6WC41DRM1
6SHJ4NBJXJ,2022-01-17,BE9Bab7Ff9B020D,4Z42ENY21T
P9ZNYRDF0K,2022-07-01,6455dAf38a33E73,6G5Q777FAS
588WRJ1AYW,2022-04-26,F6dB61Fb3e6eEc3,72VCXOT6P8
9A4ROR4OH9,2022-12-09,b7A6ACe14Da2a70,7TPA4WZSY6
KRO41229XT,2022-08-23,f45723A3eab55fb,SF2PA8IUWE
RWTWQUC8KM,2022-12-03,0AbaC4a6BB81Ab6,X36WQPXGAS
9PBL8V8BYN,2022-09-21,674bbaD7A5D26B9,2NPFM5G8RC
JN52N5AUJ0,2022-09-04,Bcde4A17Aa9D059,9E715U2VYY
IYBPD27Y27,2023-01-01,b7A6ACe14Da2a70,XGKEXX1O5W
MTZ9CVRNCY,2022-01-28,00d907CDBC1CAb6,VNNHIZ9166
WZ3N6K2U9J,2022-08-09,9Eb756Bd5F867Ee,GDITDNW27W
RHODL1RD13,2022-04-15,9eD7FFd12eDFaCe,JMNH2HW3CY
1DI2Y7DZOS,2022-09-04,EAE9F073c808ccc,ZSGR0N6IYZ
DYEXQQOXB3,2022-05-28,daa90Ea7F4193BE,MU9O24M6FF
174AX60XW9,2022-08-20,05d4a275BAf55B0,61JHODDET6
4SYDG9LV1Y,2022-11-20,efeb05c7Cc94EA3,T3Y1363136
9HOEE1I9GJ,2022-05-02,fF56f2b4BAe239f,7GVKV4CKJA
8Z6T12BRXG,2022-04-11,9afFEafAe1CBBB9,J5LCMEBMHQ
MHKCPIM5SH,2022-09-25,22e31df46F6fCD2,SU2UAJ19MF
RVLWP9ESMM,2022-06-04,aDB35cb99a88358,FKPEROA0ZW
NXHB02DKHT,2022-08-04,ab2c4afC563bDc6,FH45HGM4A6
DENO8A2MNI,2022-08-10,89FdFDb8Fa09efF,1OVCHM7YU3
61NKE6X3OU,2022-06-24,edf83d698CAcdD2,CKEGCY8WUN
G1KC8BXBC9,2022-02-28,F16DDAAEF9Aa1E9,M9HGSAWNYN
U4MN70D1Q8,2022-02-22,Af9f7bEBaf20B3E,1F3K6U30SR
X1T5WANS47,2022-11-16,660FcEEffCAbF4a,XFAG1P6QVP
2UNHT981CB,2022-08-06,8b756f6231DDC6e,XHJGWW3UPE
2NRN8DZ53B,2022-12-06,E1844addD8eEe76,DFM1WHN1W6
JWLPPYS0WW,2022-07-01,0De37f35c9cffBc,WEZZEE1QTF
GHB1IIE479,2022-12-05,faCaD334e8Eef84,356N5CWLQO
1RGCTDVKBO,2022-01-24,BF2d1D6E5bacaBC,Y7UY2OTIZZ
8CRZQWFQ9N,2022-11-12,AB5a29077eDc170,6YMZB7T9DK
XJYOF92BRH,2022-08-18,fa611Ed5ccC99C8,16KL8RWTRQ
51SS9P5UMM,2022-04-22,D7B72E2A09D9a3e,A37KLQ7BSW
WG5K9840OY,2022-04-07,9BEeD41BDC4ca32,L78R2ZSZ2K
D0A0UBV3ZU,2022-09-24,b1bb1cC8deF5333,V5K3HLZCIC
0ZQA5KO5ZW,2022-12-06,De2AA444491b30C,1HEJYCAOBF
6IVQOS85C9,2022-04-19,Fb2FE369D1E171A,MFVU1VI9MT
EO025NWHR5,2022-08-12,DdB70783c1181Ad,6GCOUVHC4S
NN5885HC7I,2022-01-27,aEf0fE6aF07daCF,NRPE2NKMAV
ZSGDDIRQ9M,2022-07-13,A1CF962d1120Af2,CS60K7UB66
MSKI5G8OS8,2022-08-31,3f5a8fd3CBf4b74,926QCGQ9J6
L71CGXWFAT,2022-07-25,a61eAFC61DFeA8E,72W296GW7M
3J0RM99PSH,2022-06-23,7Cd475256fF1D28,OX8WDC1NQ4
1E6HTWZW43,2022-05-25,fB2Ae2Ca0AEFaa0,V5K3HLZCIC
IFEOODSXU2,2022-08-05,F258Cc9fc813BFA,UFPNVM1KDI
K8DGDV2021,2022-01-27,a1Bec1eAd03bCAf,DS7MPW4YO6
34Q8J6C7EN,2022-07-25,3f4F6D658B8e4B3,HPQEEQIV3P
LJU1NR72D5,2022-12-08,D25eCcABfFE4C5c,CFMRW4HRVO
0HBP6MHJM0,2022-02-08,Da915B5ed8D97d4,2DYVC8QBF1
PUQL5EXTQO,2022-06-22,f52181F2B4c2e9A,YGZV5C0T7G
8B29763ETI,2022-05-14,89FdFDb8Fa09efF,7OJHBRB3U0
O6AD83YCEE,2022-07-01,caBE9a5064ceBfB,0J0XGJTQSG
87HD3EIW0V,2022-09-14,bC702C45cBCCa3F,680G03UL2M
MEM0836JOJ,2022-10-05,D03D2428fD4bC6d,5DTO26JA52
17J4J8774Q,2022-07-05,1E5bd39FEa189Ca,2EPN63495L
UYTE0C9ZPL,2022-05-09,B1F5F9C8FAb02cb,2O02KBBUJS
42ZWUHJ7SI,2022-03-23,C76ae7aAFcbB2cA,UYFVM7LF1F
L8HDH3WOTS,2022-03-27,aa01BBDfDbcee59,RGT619C7MB
GQ8E6ENONK,2022-11-05,f074a08cD7BdBc4,ZVUGGNVVHB
L3TRY5NJLF,2022-08-22,cA1f220241E096C,1F3K6U30SR
Q63A8NARV3,2022-12-23,bC9AF9CD40dB26C,SG29C7EKSF
TRLW0NFDND,2022-11-06,0D9d3de32cBD4De,O2OEG7NLDP
VO5U0WN4Q5,2022-11-02,99fa0bC5cC11b1f,6WKWLZVP51
7KF2L6MPRG,2022-12-01,EBFf87b4dbdcFbD,DBPGYU7FBZ
8M5RPCB75K,2022-06-23,0eE44a7fAf7d1DB,ZD1RBG7CHH
Q9W3P15Z8F,2022-06-27,f52181F2B4c2e9A,VTK2A9NJ59
MK0OHU6FGJ,2022-02-08,EcFf0bEbF0B85f4,MIOLIXSNV2
TM4F51YP5W,2022-07-15,59F389BC8b480eC,VF7SCPFZPN
SATXTLBNGS,2022-03-14,7f1600A9e94BcDB,1F3K6U30SR
U361H4QYYH,2022-09-16,cdBFEEF00Ac3b0E,A0213N8N54
PDF1F5XO9X,2022-02-22,51C771FB6a3c75B,926QCGQ9J6
ZHCT4EMCO2,2022-04-08,4A42Fe10dB717CB,AQ4YVK50GJ
ETI7B9A4JI,2022-12-06,751Bf40CDdCeB6D,6QD63CHNNJ
VY36J4FDN1,2022-05-31,29cb6ecF75451Cc,1J6W1WUTDL
2VPEL2KHEX,2022-08-08,AcBD2EfE48eEa4F,2ORA120OQ7
JC43WE6EM6,2022-10-24,b0E2bF69efAB9c5,2R448O29MA
YCZDG1ZXRN,2022-07-02,Ecd8EF1bE3A5F3B,ZELG9SLPPZ
E6L78ZFYXG,2022-09-19,7CcAbC7CAfC4e39,XTA91EKNPQ
PGNYPJ14KV,2022-02-08,a6BfA20EDDd4317,E3WHQHTN1A
BUZLM7QBQ7,2022-05-07,Aca5354F4cFDE1f,GC1C61NB26
CVE9NKTCYL,2022-05-18,c1711ACe52AFFC8,3XJ42WDRNR
2PTC7D3VUP,2022-04-23,Da915B5ed8D97d4,IHA77XI4AL
D54ZQIZPUL,2022-07-14,49Dcb786C01C5ca,3T4I7N9360
EXPH4NK4I4,2022-12-05,2DA08d1CAd4dceC,7FGE5621WC
P1Y8YLSG24,2022-03-30,eEFc74EBC49e6BB,PZRB7BIRXM
JIDXOR9EFZ,2022-01-11,eC15B0388fc6A1E,Y29M4LORF5
APXWRL86FL,2022-02-13,d5bbEF5AC75B9a5,1MFZ178KC0
OOIYHSDF67,2022-06-10,cC7cc25dDF9Bc7c,9QN36HR2VR
NNC7V7XR5P,2022-09-22,4Ac773784FBDecA,86TYSO9QVY
7FIBP5Y5AB,2022-10-27,E95cF2ADa9cd5De,KTSISC5YYL
HSYITQTOGW,2022-11-11,7Dd645101CE7dD1,0QBC24BGGA
RIZKK4GQDC,2022-12-13,B580643f4Eee7eB,CIFPG7BMOJ
LHOD9MS0I7,2022-03-23,7Aa938827F1e018,Q8PXPN4713
2MMNMW7VPJ,2022-02-03,F16A25630bcb0CC,FD24TSR86W
BMPGG7I6AL,2022-02-22,19Fed9aFBA694a3,BNCWMZJUJS
9WVXWSI7NP,2022-06-17,fF284beE35bBA83,YMITIRCT5V
M95RZW2A2R,2022-04-09,6C23a8C9AcbCb7E,J4K9J6TN8J
WNKKHG3RAE,2022-04-23,B5709aba28899e6,WD9A6GNENJ
JIAC4QRQUM,2022-12-24,a2110859fEdbcaB,LJVPUBZBB4
KL8K3D6YCB,2022-08-26,fa1c3AABF9d6d5E,YST4A4DB5B
HOTDMS8E03,2022-04-25,6aBba43CE031E14,61JHODDET6
QER9PHR0UH,2022-06-23,Ca9E100bcEbbB0e,EYMSETV5O7
HLZA0XU6SR,2022-06-08,AA8CB54E5bE8f7f,6UZID8LY2V
R4X6I99EAS,2022-04-09,b8F00FeA81E7E1e,H6PX6S8IKI
96T261J7UR,2022-09-17,8C68f3F7fCdE854,CIA11PU01F
YHYOS5CWMW,2022-12-27,2caCaBe9CbdFFC8,GEV5FXPBGC
FEWBS6MBNN,2022-10-11,A611B2d0cbD23bB,NW0QJU7TEW
8KUBNYHX65,2022-08-02,eABE50FeE6c751b,2BL83AE35U
USKJCQEUU9,2022-06-23,Efa5aa3e87ed1D7,KZSOW7RL3J
AXC12NPC7U,2022-07-17,4d6fB4FFdF963Ae,RZQLGRVSCQ
8TRMRHP835,2022-12-23,fcfDa2eC50ae07C,HR8ZC977QO
27ZJWOQ0MH,2022-09-25,05aaB3e75C576D6,MXQWYRQ7OX
2DL8QR4ZO7,2022-07-06,1CAE1D46Bb2D88b,ZFZ8IU50UV
OGMUIKI032,2022-11-18,7c0f808CE9EEfE7,3UWJ1Z5SR9
2SPOL2MNJO,2022-01-13,8bC1dECdBE9C486,ZSGR0N6IYZ
836X8C1XK7,2022-06-02,f11201935b4Aaa6,4VQCH4A45A
BYKX20ZPBY,2022-01-20,614f7BFDFD0eb8a,69P2VC9JL8
GXFXYBM0U3,2022-06-08,bF6e50d8Ca9f8F9,WGJBMNAMPE
KOQH0TPN3J,2022-02-18,dEcBC02d0DF5A2E,CXEM3TTYQU
KVLYQS4VQ5,2022-10-10,a6eC59c6f5e5B25,CI2GTNMG6H
BSR8UPS78N,2022-02-17,A1c6Cacc6fBf2Cc,36VWRPG44X
BFJRXERQIH,2022-07-31,3b5A0bFC0bcAaCa,QS7SNPVZ0C
7FJDHVV9ER,2022-06-18,AbcE3CcC947cbBD,9QM5VWNPJT
49HEK92303,2022-04-21,54B827E53Aaad1B,MFVU1VI9MT
M7LM9G8W68,2022-11-09,ec2Cc8fbFBF8F8D,Q5DH3PZLE4
T7934Y3EVN,2022-10-29,0eE44a7fAf7d1DB,3T4I7N9360
1AYLTL593V,2022-04-04,3faedEDe9A8686a,1DJK2SWDPA
XCC3ZI2XHE,2022-08-05,5f4B1F99D8EfDf1,AL632FLJ2B
P9R532E5Q0,2022-09-02,3dCeDeb6a09408B,8YWZO92SAM
T0M3DXEME9,2022-03-11,20E292e52B978EA,YW1ZAYND1Q
LGX15WYY9P,2022-06-22,6CF34DCD040F082,9NNE3YGLGQ
SDIAYN33WR,2022-06-18,aCefF56E59aAf75,FAQS6P5AJ1
PTQFTTA807,2022-04-22,DFAbEADF85F6245,S1PTA38P0W
CRO0NWEUQG,2022-11-21,DbFcEF27decA754,2CRR5MMFVY
K3I4M2E008,2022-12-08,c68d7D9e4f37ad0,XS8NF3Y4UB
UCNJU4VOC7,2022-05-27,E1844addD8eEe76,S1PTA38P0W
QKSZG00PUY,2022-07-28,b00f07E8F6Ecf6e,6SPWM35969
TSY1N47BPK,2022-03-05,daa90Ea7F4193BE,2FGT0LLWNF
TLHCNJM56R,2022-09-01,22A3f7DdA2f4CbD,5DTO26JA52
0UFAKELH09,2022-08-16,F7307C0fbDafbDA,1EFH28GDDI
GDQIEIHKJ9,2022-05-09,aB4EC741BFAd71f,VHLOFZHIWC
FOO53EISNZ,2022-12-29,d0Fd08CEbA41c09,B5ZODZLB2K
D44DLY6XCC,2022-05-01,Afe55F5D86CBac0,40XJ3G8191
LMWVHK6PA6,2022-09-27,44FAA9C3CE8DB2B,EZ2265ETQK
MPRN4CGROU,2023-01-01,0CFcdEe5cbBdA0c,VVB834CGPR
XUTZ364LUL,2022-02-15,B1ffb1704b624FB,F831W19M0A
ERGK417CID,2022-11-24,Ed6dcecd37Fc4d0,SQVJOG6YQA
H8RKM8JJKF,2022-01-10,cCA7ae678b6fb9F,SQVJOG6YQA
WUQ489DBEJ,2022-08-17,A64b3f208cf312e,SG29C7EKSF
K0RJ7H0DQX,2022-02-11,D4cd00da652b525,QWW2QV0YD3
Z7Y5ZPH8JG,2022-04-18,cA2E09ACc7f4c91,AL632FLJ2B
LV9CYNHXCT,2022-09-27,e1835eA12f669Ab,2NPFM5G8RC
TUJ3N97YUN,2022-08-31,7e9af03228B5Cb9,C8H584LV3O
J04L3EDNJU,2022-01-31,0142106d1f4CcEF,YXN8GUN1ZI
4A1H3O4LEF,2022-02-23,CccE68e2611CB67,B1BOFR67QZ
8ENYDKOTFR,2022-02-10,05aaB3e75C576D6,HTCGPAQ66K
